2026-07-02_22-10-50,0,draft.go:2026-07-02_22-10-50
2026-07-02_22-12-24,0,draft.go:2026-07-02_22-10-50
2026-07-02_22-13-34,0,draft.go:2026-07-02_22-10-50
2026-07-02_22-14-51,0,draft.go:2026-07-02_22-10-50
2026-07-02_22-15-15,0,draft.go:2026-07-02_22-10-50
2026-07-02_22-15-40,0,draft.go:2026-07-02_22-10-50
2026-07-02_22-21-34,0,draft.go:2026-07-02_22-10-50
2026-07-02_22-21-37,0,draft.go:2026-07-02_22-10-50
2026-07-02_22-22-42,0,draft.go:2026-07-02_22-10-50
2026-07-02_22-22-57,0,draft.go:2026-07-02_22-10-50
2026-07-02_22-24-56,0,draft.go:2026-07-02_22-10-50
2026-07-02_22-25-31,0,draft.go:2026-07-02_22-10-50
2026-07-02_22-26-09,0,draft.go:2026-07-02_22-10-50
2026-07-02_22-31-30,100,draft.go:2026-07-02_22-31-30
