2026-06-24_12-40-38,0,draft.go:2026-06-24_12-40-38
2026-06-24_12-41-15,50,draft.go:2026-06-24_12-41-15
2026-06-24_12-41-56,50,draft.go:2026-06-24_12-41-56
2026-06-24_12-42-22,50,draft.go:2026-06-24_12-42-22
2026-06-24_12-45-20,0,draft.go:2026-06-24_12-45-20
2026-06-24_12-51-14,50,draft.go:2026-06-24_12-51-14
2026-06-24_12-52-02,16,draft.go:2026-06-24_12-52-02
2026-06-24_12-53-19,50,draft.go:2026-06-24_12-53-19
2026-06-24_12-53-56,16,draft.go:2026-06-24_12-53-56
2026-06-24_12-54-04,100,draft.go:2026-06-24_12-54-04
