2026-06-20_04-42-45,0,draft.go:2026-06-20_04-42-45
2026-06-20_14-40-13,0,draft.go:2026-06-20_14-40-13
2026-06-20_14-41-10,0,draft.go:2026-06-20_14-41-10
2026-06-20_14-41-20,0,draft.go:2026-06-20_14-41-20
2026-06-20_14-41-47,0,draft.go:2026-06-20_14-41-47
2026-06-20_14-41-58,0,draft.go:2026-06-20_14-41-58
2026-06-20_14-42-13,0,draft.go:2026-06-20_14-42-13
2026-06-20_14-51-44,0,draft.go:2026-06-20_14-51-44
2026-06-20_14-53-15,---,draft.go:2026-06-20_14-53-15
2026-06-20_14-53-24,0,draft.go:2026-06-20_14-53-15
2026-06-20_15-04-18,100,draft.go:2026-06-20_15-04-18
