2026-05-05_17-51-44,25,jokenpo.go:2026-05-05_17-51-44
2026-05-05_17-52-49,37,jokenpo.go:2026-05-05_17-52-49
2026-05-05_18-01-51,37,jokenpo.go:2026-05-05_18-01-51
2026-05-05_18-02-29,37,jokenpo.go:2026-05-05_18-01-51
2026-05-05_18-02-33,0,jokenpo.go:2026-05-05_18-02-33
2026-05-05_18-04-27,0,jokenpo.go:2026-05-05_18-04-27
2026-05-05_18-04-38,0,jokenpo.go:2026-05-05_18-04-27
2026-05-05_18-07-12,0,jokenpo.go:2026-05-05_18-07-12
2026-05-05_18-09-32,0,jokenpo.go:2026-05-05_18-09-32
2026-05-05_18-10-05,0,jokenpo.go:2026-05-05_18-10-05
2026-05-05_18-11-14,0,jokenpo.go:2026-05-05_18-11-14
2026-05-05_18-12-28,0,jokenpo.go:2026-05-05_18-12-28
2026-05-05_18-14-52,0,jokenpo.go:2026-05-05_18-14-52
2026-05-05_18-15-03,0,jokenpo.go:2026-05-05_18-15-03
2026-05-05_18-15-35,0,jokenpo.go:2026-05-05_18-15-35
2026-06-17_02-17-39,100,jokenpo.go:2026-06-17_02-17-39
