2026-05-09_00-01-56,0,draft.go:2026-05-09_00-01-56
2026-05-09_00-02-17,0,draft.go:2026-05-09_00-02-17
2026-05-09_00-03-28,0,draft.go:2026-05-09_00-02-17
2026-05-09_00-04-00,0,draft.go:2026-05-09_00-04-00
2026-05-09_00-04-35,0,draft.go:2026-05-09_00-04-35
2026-05-09_00-05-46,0,draft.go:2026-05-09_00-05-46
2026-05-09_00-06-09,0,draft.go:2026-05-09_00-05-46
2026-05-09_00-06-24,0,draft.go:2026-05-09_00-06-24
2026-05-09_00-07-51,0,draft.go:2026-05-09_00-07-51
2026-05-09_00-10-15,0,draft.go:2026-05-09_00-10-15
2026-05-09_00-10-33,0,draft.go:2026-05-09_00-10-33
2026-05-09_00-11-08,0,draft.go:2026-05-09_00-11-08
2026-05-09_00-11-12,0,draft.go:2026-05-09_00-11-12
2026-05-09_00-11-47,0,draft.go:2026-05-09_00-11-47
