2026-05-12_17-10-30,0,draft.go:2026-05-12_17-10-30
2026-05-12_17-11-18,0,draft.go:2026-05-12_17-11-18
2026-05-12_17-12-03,---,draft.go:2026-05-12_17-12-03
2026-05-12_17-12-18,---,draft.go:2026-05-12_17-12-03
2026-05-12_17-13-17,0,draft.go:2026-05-12_17-13-17
2026-05-12_17-14-20,0,draft.go:2026-05-12_17-14-20
2026-05-12_17-14-59,0,draft.go:2026-05-12_17-14-59
2026-05-12_17-15-14,0,draft.go:2026-05-12_17-15-14
2026-05-12_17-18-41,0,draft.go:2026-05-12_17-18-41
2026-05-12_17-19-03,0,draft.go:2026-05-12_17-19-03
2026-05-30_19-32-13,0,draft.go:2026-05-30_19-32-13
2026-05-30_19-34-58,0,draft.go:2026-05-30_19-32-13
2026-05-30_19-55-11,0,draft.go:2026-05-30_19-55-11
2026-05-30_19-55-37,0,draft.go:2026-05-30_19-55-37
2026-05-30_19-56-26,0,draft.go:2026-05-30_19-56-26
2026-05-30_19-57-12,0,draft.go:2026-05-30_19-57-12
2026-05-30_19-58-08,0,draft.go:2026-05-30_19-58-08
2026-05-30_19-58-17,0,draft.go:2026-05-30_19-58-17
2026-05-30_19-59-27,0,draft.go:2026-05-30_19-59-27
2026-05-30_19-59-53,0,draft.go:2026-05-30_19-59-53
2026-05-30_20-00-04,0,draft.go:2026-05-30_20-00-04
2026-06-03_00-24-26,0,draft.go:2026-06-03_00-24-26
