2026-04-11_01-07-37,62,draft.go:2026-04-11_01-07-37
2026-04-11_01-08-52,62,draft.go:2026-04-11_01-08-52
2026-04-11_01-09-47,62,draft.go:2026-04-11_01-09-47
2026-04-11_01-10-25,62,draft.go:2026-04-11_01-10-25
2026-04-11_01-12-19,62,draft.go:2026-04-11_01-12-19
2026-04-11_01-24-55,25,quantos.go:2026-04-11_01-24-55
2026-04-11_01-27-26,0,quantos.go:2026-04-11_01-27-26
2026-04-11_01-27-39,50,quantos.go:2026-04-11_01-27-39
2026-04-11_01-28-03,87,quantos.go:2026-04-11_01-28-03
2026-04-11_01-29-36,100,quantos.go:2026-04-11_01-29-36
2026-04-11_01-29-58,100,quantos.go:2026-04-11_01-29-36
