2026-03-24_17-09-41,0,quebrada.go:2026-03-24_17-09-41
2026-03-24_17-09-53,0,quebrada.go:2026-03-24_17-09-53
2026-03-24_17-10-06,0,quebrada.go:2026-03-24_17-10-06
2026-03-24_17-38-08,0,quebrada.go:2026-03-24_17-38-08
2026-03-24_17-40-36,0,quebrada.go:2026-03-24_17-40-36
2026-03-24_17-42-07,---,quebrada.go:2026-03-24_17-40-36
2026-03-24_17-42-33,0,quebrada.go:2026-03-24_17-40-36
2026-03-24_17-47-24,0,quebrada.go:2026-03-24_17-47-24
2026-03-24_17-52-58,0,quebrada.go:2026-03-24_17-52-58
2026-03-30_17-20-32,0,quebrada.go:2026-03-24_17-52-58
