2026-07-02_19-06-17,0,draft.go:2026-07-02_19-06-17
2026-07-02_19-06-50,0,draft.go:2026-07-02_19-06-50
2026-07-02_19-12-35,0,draft.go:2026-07-02_19-12-35
2026-07-02_19-12-58,0,draft.go:2026-07-02_19-12-58
2026-07-02_19-13-38,0,draft.go:2026-07-02_19-13-38
2026-07-02_19-13-51,0,draft.go:2026-07-02_19-13-51
2026-07-02_19-30-58,0,draft.go:2026-07-02_19-30-58
2026-07-02_19-32-42,0,draft.go:2026-07-02_19-30-58
2026-07-02_19-33-08,0,draft.go:2026-07-02_19-30-58
2026-07-02_19-36-33,---,draft.go:2026-07-02_19-30-58
2026-07-02_19-42-01,0,draft.go:2026-07-02_19-30-58
2026-07-02_19-42-21,0,draft.go:2026-07-02_19-30-58
2026-07-02_19-43-45,0,draft.go:2026-07-02_19-30-58
2026-07-02_19-44-11,0,draft.go:2026-07-02_19-30-58
2026-07-03_01-08-07,100,draft.go:2026-07-03_01-08-07
