2026-04-28_17-19-20,8,round.go:2026-04-28_17-19-20
2026-04-28_17-20-06,0,round.go:2026-04-28_17-20-06
2026-04-28_17-20-46,8,round.go:2026-04-28_17-20-46
2026-04-28_17-25-35,100,round.go:2026-04-28_17-25-35
2026-04-28_17-25-39,100,round.go:2026-04-28_17-25-35
2026-04-28_17-25-40,100,round.go:2026-04-28_17-25-35
2026-04-28_17-25-41,100,round.go:2026-04-28_17-25-35
2026-04-28_17-25-42,100,round.go:2026-04-28_17-25-35
2026-04-28_17-25-43,100,round.go:2026-04-28_17-25-35
2026-04-28_17-25-45,100,round.go:2026-04-28_17-25-35
2026-04-28_17-25-51,100,round.go:2026-04-28_17-25-35
