2026-05-12_17-47-50,0,draft.go:2026-05-12_17-47-50
2026-05-12_17-51-25,0,draft.go:2026-05-12_17-51-25
2026-05-12_17-51-31,---,draft.go:2026-05-12_17-51-25
2026-05-12_17-53-58,0,draft.go:2026-05-12_17-53-58
2026-05-18_17-12-48,0,draft.go:2026-05-18_17-12-48
2026-05-18_17-15-37,0,draft.go:2026-05-18_17-15-37
2026-05-18_17-16-28,0,draft.go:2026-05-18_17-16-28
2026-05-18_17-17-13,0,draft.go:2026-05-18_17-17-13
2026-05-18_17-21-14,0,draft.go:2026-05-18_17-21-14
2026-05-18_17-21-30,0,draft.go:2026-05-18_17-21-30
2026-05-18_17-21-48,0,draft.go:2026-05-18_17-21-48
2026-05-18_17-22-11,0,draft.go:2026-05-18_17-22-11
2026-05-18_17-22-12,0,draft.go:2026-05-18_17-22-11
2026-05-18_17-27-57,0,draft.go:2026-05-18_17-27-57
2026-05-18_17-32-33,75,draft.go:2026-05-18_17-32-33
2026-05-18_17-36-13,25,draft.go:2026-05-18_17-36-13
2026-05-18_17-38-23,75,draft.go:2026-05-18_17-38-23
2026-05-18_17-41-08,100,draft.go:2026-05-18_17-41-08
