2026-07-02_20-04-29,0,draft.go:2026-07-02_20-04-29
2026-07-02_20-06-02,0,draft.go:2026-07-02_20-04-29
2026-07-02_20-06-14,0,draft.go:2026-07-02_20-04-29
2026-07-02_20-07-46,0,draft.go:2026-07-02_20-04-29
2026-07-02_20-08-29,0,draft.go:2026-07-02_20-04-29
2026-07-02_20-09-03,0,draft.go:2026-07-02_20-04-29
2026-07-02_20-09-06,0,draft.go:2026-07-02_20-04-29
2026-07-02_20-09-16,0,draft.go:2026-07-02_20-04-29
2026-07-02_22-32-25,0,draft.go:2026-07-02_22-32-25
2026-07-02_22-32-35,0,draft.go:2026-07-02_22-32-25
2026-07-02_22-34-15,0,draft.go:2026-07-02_22-32-25
2026-07-02_22-34-35,0,draft.go:2026-07-02_22-32-25
2026-07-02_22-35-12,0,draft.go:2026-07-02_22-35-12
2026-07-02_22-36-31,0,draft.go:2026-07-02_22-36-31
2026-07-02_22-36-51,100,draft.go:2026-07-02_22-36-51
