2026-06-04_03-50-47,0,draft.go:2026-06-04_03-50-47
2026-06-04_03-51-07,0,draft.go:2026-06-04_03-51-07
2026-06-04_03-55-36,0,draft.go:2026-06-04_03-55-36
2026-06-04_03-55-37,0,draft.go:2026-06-04_03-55-36
2026-06-04_03-55-38,0,draft.go:2026-06-04_03-55-36
2026-06-04_03-55-38,0,draft.go:2026-06-04_03-55-36
2026-06-04_03-55-38,0,draft.go:2026-06-04_03-55-36
2026-06-04_03-55-39,0,draft.go:2026-06-04_03-55-36
2026-06-04_03-55-39,0,draft.go:2026-06-04_03-55-36
2026-06-04_04-04-03,0,draft.go:2026-06-04_04-04-03
2026-06-04_04-04-44,0,draft.go:2026-06-04_04-04-44
2026-06-04_04-11-09,0,draft.go:2026-06-04_04-11-09
2026-06-04_04-11-25,0,draft.go:2026-06-04_04-11-25
