2026-06-20_04-33-59,12,draft.go:2026-06-20_04-33-59
2026-06-20_04-35-11,0,draft.go:2026-06-20_04-35-11
2026-06-20_04-36-00,0,draft.go:2026-06-20_04-36-00
2026-06-23_01-29-50,50,draft.go:2026-06-23_01-29-50
2026-06-23_01-30-54,---,draft.go:2026-06-23_01-30-54
2026-06-23_01-32-23,---,draft.go:2026-06-23_01-30-54
2026-06-23_01-32-59,50,draft.go:2026-06-23_01-32-59
2026-06-23_01-33-13,50,draft.go:2026-06-23_01-33-13
2026-06-23_01-34-34,0,draft.go:2026-06-23_01-34-34
2026-06-23_01-35-10,50,draft.go:2026-06-23_01-35-10
2026-06-23_01-35-26,50,draft.go:2026-06-23_01-35-26
2026-06-23_01-35-55,50,draft.go:2026-06-23_01-35-55
2026-06-23_01-36-22,50,draft.go:2026-06-23_01-36-22
