2026-06-20_04-15-13,0,draft.go:2026-06-20_04-15-13
2026-06-20_04-15-18,0,draft.go:2026-06-20_04-15-13
2026-06-20_04-16-13,0,draft.go:2026-06-20_04-16-13
2026-06-20_04-17-54,0,draft.go:2026-06-20_04-16-13
2026-06-20_04-18-14,---,draft.go:2026-06-20_04-16-13
2026-06-20_04-19-33,0,draft.go:2026-06-20_04-19-33
2026-06-20_04-19-35,0,draft.go:2026-06-20_04-19-33
2026-06-20_04-19-35,0,draft.go:2026-06-20_04-19-33
2026-06-20_04-19-35,0,draft.go:2026-06-20_04-19-33
2026-06-20_04-19-36,0,draft.go:2026-06-20_04-19-33
2026-06-20_04-19-36,0,draft.go:2026-06-20_04-19-33
2026-06-20_04-19-55,0,draft.go:2026-06-20_04-19-55
2026-06-20_04-21-37,0,draft.go:2026-06-20_04-21-37
2026-06-20_04-21-39,0,draft.go:2026-06-20_04-21-37
2026-06-20_04-21-39,0,draft.go:2026-06-20_04-21-37
2026-06-20_04-21-39,0,draft.go:2026-06-20_04-21-37
2026-06-20_04-21-39,0,draft.go:2026-06-20_04-21-37
2026-06-20_04-21-40,0,draft.go:2026-06-20_04-21-37
2026-06-20_04-24-17,0,draft.go:2026-06-20_04-24-17
2026-06-20_04-24-51,0,draft.go:2026-06-20_04-24-51
2026-06-20_04-24-52,0,draft.go:2026-06-20_04-24-51
2026-06-20_04-24-53,0,draft.go:2026-06-20_04-24-51
2026-06-20_04-24-53,0,draft.go:2026-06-20_04-24-51
2026-06-20_04-24-53,0,draft.go:2026-06-20_04-24-51
2026-06-20_04-26-01,0,draft.go:2026-06-20_04-26-01
2026-06-20_04-26-04,0,draft.go:2026-06-20_04-26-01
2026-06-20_04-26-42,0,draft.go:2026-06-20_04-26-42
2026-06-20_04-26-46,0,draft.go:2026-06-20_04-26-42
2026-06-20_04-26-47,0,draft.go:2026-06-20_04-26-42
2026-06-20_04-26-48,0,draft.go:2026-06-20_04-26-42
2026-06-20_04-26-48,0,draft.go:2026-06-20_04-26-42
2026-06-20_04-26-48,0,draft.go:2026-06-20_04-26-42
2026-06-20_04-26-49,0,draft.go:2026-06-20_04-26-42
2026-06-20_04-26-49,0,draft.go:2026-06-20_04-26-42
2026-06-20_04-26-49,0,draft.go:2026-06-20_04-26-42
2026-06-20_04-27-10,0,draft.go:2026-06-20_04-27-10
