2026-05-18_17-48-47,0,draft.go:2026-05-18_17-48-47
2026-05-18_17-50-10,0,draft.go:2026-05-18_17-50-10
2026-05-18_17-50-13,0,draft.go:2026-05-18_17-50-13
2026-05-18_17-54-05,0,draft.go:2026-05-18_17-54-05
2026-05-18_17-54-10,25,draft.go:2026-05-18_17-54-10
2026-05-18_17-54-42,25,draft.go:2026-05-18_17-54-42
2026-05-18_17-54-53,25,draft.go:2026-05-18_17-54-53
2026-05-18_17-57-16,50,draft.go:2026-05-18_17-57-16
2026-05-18_17-57-29,25,draft.go:2026-05-18_17-57-29
2026-05-18_17-57-36,50,draft.go:2026-05-18_17-57-36
2026-05-18_17-57-51,25,draft.go:2026-05-18_17-57-51
2026-05-18_18-01-16,50,draft.go:2026-05-18_18-01-16
2026-05-18_18-02-42,50,draft.go:2026-05-18_18-02-42
2026-05-18_18-02-47,50,draft.go:2026-05-18_18-02-47
2026-05-18_18-03-22,25,draft.go:2026-05-18_18-03-22
2026-05-18_18-08-41,25,draft.go:2026-05-18_18-08-41
2026-05-18_18-11-02,50,draft.go:2026-05-18_18-11-02
2026-05-18_18-11-14,100,draft.go:2026-05-18_18-11-14
